{
  "initial_auc_pr": 0.3342454432911197,
  "learned_auc_pr": 0.9654690285204992,
  "initial_best_f1": 0.5205479452054794,
  "learned_best_f1": 0.955223880597015,
  "revalidation_cost_prior_at_edge_weight_threshold_0_5": 6.1466666666666665,
  "revalidation_cost_learned_at_edge_weight_threshold_0_5": 4.77,
  "revalidation_cost_true": 4.956666666666667,
  "selected_edge_weight_threshold": 0.34,
  "selected_edge_weight_threshold_metrics": {
    "selected_edge_weight_threshold": 0.34,
    "recall_guardrail": 0.9,
    "precision": 1.0,
    "recall": 0.9117647058823529,
    "f1": 0.9538461538461539,
    "revalidation_cost": 4.77,
    "missed_dependency_rate": 0.08823529411764708,
    "selection_reason": "min revalidation cost subject to recall guardrail >= 0.90"
  },
  "edge_weight_threshold_curves": {
    "initial_prior": {
      "edge_weight_thresholds": [
        0.0,
        0.02,
        0.04,
        0.06,
        0.08,
        0.1,
        0.12,
        0.14,
        0.16,
        0.18,
        0.2,
        0.22,
        0.24,
        0.26,
        0.28,
        0.3,
        0.32,
        0.34,
        0.36,
        0.38,
        0.4,
        0.42,
        0.44,
        0.46,
        0.48,
        0.5,
        0.52,
        0.54,
        0.56,
        0.58,
        0.6,
        0.62,
        0.64,
        0.66,
        0.68,
        0.7000000000000001,
        0.72,
        0.74,
        0.76,
        0.78,
        0.8,
        0.8200000000000001,
        0.84,
        0.86,
        0.88,
        0.9,
        0.92,
        0.9400000000000001,
        0.96,
        0.98,
        1.0
      ],
      "mean_revalidated_routines_per_drift": [
        15.433333333333334,
        15.433333333333334,
        15.433333333333334,
        15.433333333333334,
        15.433333333333334,
        15.433333333333334,
        15.433333333333334,
        15.433333333333334,
        15.41,
        15.386666666666667,
        15.223333333333333,
        15.126666666666667,
        15.066666666666666,
        14.996666666666666,
        14.88,
        14.88,
        14.77,
        14.65,
        14.65,
        14.276666666666667,
        13.646666666666667,
        12.603333333333333,
        10.97,
        8.976666666666667,
        6.773333333333333,
        6.1466666666666665,
        5.736666666666666,
        5.236666666666666,
        5.22,
        5.22,
        5.126666666666667,
        5.126666666666667,
        5.126666666666667,
        5.126666666666667,
        5.126666666666667,
        5.126666666666667,
        5.126666666666667,
        4.94,
        3.82,
        3.013333333333333,
        2.88,
        1.69,
        1.57,
        1.1633333333333333,
        1.02,
        1.02,
        1.0,
        1.0,
        1.0,
        1.0,
        1.0
      ],
      "edge_precision": [
        0.07816091954022988,
        0.07816091954022988,
        0.07816091954022988,
        0.07816091954022988,
        0.07816091954022988,
        0.07852193995381063,
        0.07888631090487239,
        0.0815347721822542,
        0.08629441624365482,
        0.09142857142857143,
        0.10652920962199312,
        0.12236286919831224,
        0.1457286432160804,
        0.16111111111111112,
        0.1746987951807229,
        0.18012422360248448,
        0.1870967741935484,
        0.19047619047619047,
        0.19444444444444445,
        0.19230769230769232,
        0.211864406779661,
        0.22549019607843138,
        0.2839506172839506,
        0.328125,
        0.35185185185185186,
        0.38,
        0.4318181818181818,
        0.4634146341463415,
        0.475,
        0.475,
        0.48717948717948717,
        0.48717948717948717,
        0.48717948717948717,
        0.48717948717948717,
        0.48717948717948717,
        0.48717948717948717,
        0.48717948717948717,
        0.4594594594594595,
        0.45454545454545453,
        0.41379310344827586,
        0.38461538461538464,
        0.4,
        0.5,
        0.4,
        0.0,
        0.0,
        1.0,
        1.0,
        1.0,
        1.0,
        1.0
      ],
      "edge_recall": [
        1.0,
        1.0,
        1.0,
        1.0,
        1.0,
        1.0,
        1.0,
        1.0,
        1.0,
        0.9411764705882353,
        0.9117647058823529,
        0.8529411764705882,
        0.8529411764705882,
        0.8529411764705882,
        0.8529411764705882,
        0.8529411764705882,
        0.8529411764705882,
        0.8235294117647058,
        0.8235294117647058,
        0.7352941176470589,
        0.7352941176470589,
        0.6764705882352942,
        0.6764705882352942,
        0.6176470588235294,
        0.5588235294117647,
        0.5588235294117647,
        0.5588235294117647,
        0.5588235294117647,
        0.5588235294117647,
        0.5588235294117647,
        0.5588235294117647,
        0.5588235294117647,
        0.5588235294117647,
        0.5588235294117647,
        0.5588235294117647,
        0.5588235294117647,
        0.5588235294117647,
        0.5,
        0.4411764705882353,
        0.35294117647058826,
        0.29411764705882354,
        0.17647058823529413,
        0.17647058823529413,
        0.058823529411764705,
        0.0,
        0.0,
        0.0,
        0.0,
        0.0,
        0.0,
        0.0
      ],
      "missed_dependency_rate": [
        0.0,
        0.0,
        0.0,
        0.0,
        0.0,
        0.0,
        0.0,
        0.0,
        0.0,
        0.05882352941176472,
        0.08823529411764708,
        0.1470588235294118,
        0.1470588235294118,
        0.1470588235294118,
        0.1470588235294118,
        0.1470588235294118,
        0.1470588235294118,
        0.17647058823529416,
        0.17647058823529416,
        0.2647058823529411,
        0.2647058823529411,
        0.32352941176470584,
        0.32352941176470584,
        0.38235294117647056,
        0.4411764705882353,
        0.4411764705882353,
        0.4411764705882353,
        0.4411764705882353,
        0.4411764705882353,
        0.4411764705882353,
        0.4411764705882353,
        0.4411764705882353,
        0.4411764705882353,
        0.4411764705882353,
        0.4411764705882353,
        0.4411764705882353,
        0.4411764705882353,
        0.5,
        0.5588235294117647,
        0.6470588235294117,
        0.7058823529411764,
        0.8235294117647058,
        0.8235294117647058,
        0.9411764705882353,
        1.0,
        1.0,
        1.0,
        1.0,
        1.0,
        1.0,
        1.0
      ],
      "f1": [
        0.14498933901918976,
        0.14498933901918976,
        0.14498933901918976,
        0.14498933901918976,
        0.14498933901918976,
        0.14561027837259102,
        0.14623655913978495,
        0.15077605321507762,
        0.1588785046728972,
        0.16666666666666669,
        0.19076923076923075,
        0.21402214022140223,
        0.24892703862660945,
        0.2710280373831776,
        0.29,
        0.29743589743589743,
        0.30687830687830686,
        0.3093922651933701,
        0.3146067415730337,
        0.30487804878048785,
        0.32894736842105265,
        0.3382352941176471,
        0.4,
        0.42857142857142855,
        0.4318181818181818,
        0.4523809523809524,
        0.48717948717948717,
        0.5066666666666667,
        0.5135135135135136,
        0.5135135135135136,
        0.5205479452054794,
        0.5205479452054794,
        0.5205479452054794,
        0.5205479452054794,
        0.5205479452054794,
        0.5205479452054794,
        0.5205479452054794,
        0.47887323943661975,
        0.4477611940298507,
        0.38095238095238093,
        0.33333333333333337,
        0.2448979591836735,
        0.2608695652173913,
        0.10256410256410256,
        0.0,
        0.0,
        0.0,
        0.0,
        0.0,
        0.0,
        0.0
      ]
    },